"46.603354,1.8883335","('France', ['https://www.cbsnews.com/news/covid-vaccine-biden-administration-pfizer-global-distribution/', 'https://www.cbsnews.com/news/covid-19-travel-restrictions-worldwide/', 'https://www.cbsnews.com/news/emmanuel-macron-slapped-face-france/', 'https://www.washingtonpost.com/world/europe/g7-2021-boris-johnson/2021/06/09/ab712c2a-c7cd-11eb-8708-64991f2acf28_story.html', 'https://www.bbc.com/news/world-us-canada-57416519', 'https://www.bbc.com/news/world-49434667', 'https://www.bbc.com/news/world-europe-57412615', 'https://www.bbc.com/news/uk-57406029', 'https://www.bbc.co.uk/news/world-us-canada-57416519', 'http://www.bbc.com/news/world-us-canada-57416519', 'http://www.bbc.com/news/uk-57406029'])"
"54.7023545,-3.2765753","('UK', ['https://www.bbc.com/news/world-us-canada-57416519', 'https://www.bbc.com/news/uk-politics-57411343', 'https://www.bbc.com/news/world-49434667', 'https://www.bbc.com/news/uk-57406029', 'https://www.bbc.co.uk/news/world-us-canada-57416519', 'https://www.bbc.co.uk/news/uk-57353165', 'https://www.bbc.co.uk/news/entertainment-arts-57411163', 'https://www.bbc.co.uk/news/uk-57404811', 'https://www.bbc.com/news/business-57419071', 'https://www.bbc.com/news/explainers-53640249', 'https://www.bbc.com/news/explainers', 'http://www.bbc.com/news/world-us-canada-57416519', 'http://www.bbc.com/news/business-57419071', 'http://www.bbc.com/news/uk-57406029', 'http://www.bbc.com/news/explainers-53640249', 'http://www.bbc.com/news/explainers'])"
"51.4371483,5.9799001","('America', ['https://www.cbsnews.com/news/covid-vaccine-biden-administration-pfizer-global-distribution/', 'https://www.cbsnews.com/news/biden-europe-trip-first-foreign-international/', 'https://www.cbsnews.com/news/obesity-drug-wegovy-fda-approval/', 'https://www.cbsnews.com/news/senate-bill-tech-industry-china/', 'https://www.nytimes.com/live/2021/06/09/world/biden-europe/', 'https://www.nytimes.com/2021/06/09/us/politics/propublica-taxes-jeff-bezos-elon-musk.html', 'https://www.nytimes.com/2021/06/09/us/politics/biden-tiktok-ban-trump.html', 'https://www.nytimes.com/live/2021/06/09/world/covid-vaccine-coronavirus-mask/', 'https://www.nytimes.com/2021/06/09/opinion/women-motherhood-jobs.html', 'https://www.nytimes.com/2021/06/09/opinion/us-democracy-republicans.html', 'https://nytimes.com/2021/06/09/opinion/women-motherhood-jobs.html', 'https://nytimes.com/2021/06/09/opinion/us-democracy-republicans.html', 'https://www.bbc.com/news/world-us-canada-57416519', 'https://www.bbc.co.uk/news/world-us-canada-57416519', 'http://www.bbc.com/news/world-us-canada-57416519', 'http://cnn.com/2021/06/09/entertainment/david-hasselhoff-germany-vaccination-campaign-scli-intl-grm/index.html', 'http://cnn.com/2021/06/09/business/rising-prices-inventories-post-pandemic/index.html', 'http://cnn.com/2021/06/09/business/solar-manufacturing-china-ohio/index.html'])"
"50.6402809,4.6667145","('Belgium', ['https://www.cbsnews.com/news/covid-vaccine-biden-administration-pfizer-global-distribution/', 'https://www.cbsnews.com/news/biden-europe-trip-first-foreign-international/'])"
"45.1895845,-88.73215845","('U.S', ['https://www.cbsnews.com/news/president-biden-revokes-trumps-attempted-tiktok-ban/', 'https://www.cbsnews.com/news/fentanyl-seizures-texas-mexico-border-immigration/', 'https://www.cbsnews.com/news/covid-19-travel-restrictions-worldwide/', 'https://www.cbsnews.com/news/mega-drought-colorado-river-system-water-system/', 'https://www.cbsnews.com/news/senate-bill-tech-industry-china/'])"
"41.7370229,-99.5873816","('Northeast', ['https://www.cbsnews.com/news/ticks-california-beaches-lyme-disease/', 'https://www.nytimes.com/2021/06/09/opinion/us-democracy-republicans.html', 'https://nytimes.com/2021/06/09/opinion/us-democracy-republicans.html'])"
"47.3752671,-109.638757","('Montana', ['https://www.cbsnews.com/news/keystone-xl-pipeline-canceled/'])"
"55.001251,-115.002136","('Alberta', ['https://www.cbsnews.com/news/keystone-xl-pipeline-canceled/', 'http://cnn.com/2021/06/09/energy/keystone-pipeline-canceled/index.html'])"
"34.9550817,-97.2684063","('Okla.', ['https://www.nytimes.com/live/2021/06/09/world/covid-vaccine-coronavirus-mask/'])"
"26.301135,-81.797742","('the Gulf Coast', ['https://www.cbsnews.com/news/keystone-xl-pipeline-canceled/'])"
"61.0666922,-107.991707","('Canada', ['https://www.cbsnews.com/news/keystone-xl-pipeline-canceled/', 'https://www.cbsnews.com/news/covid-19-travel-restrictions-worldwide/', 'https://www.cbsnews.com/news/anom-app-fbi-criminals-trojan-shield/', 'https://www.nytimes.com/live/2021/06/09/world/covid-vaccine-coronavirus-mask/', 'https://www.bbc.com/news/world-us-canada-57416519', 'https://www.bbc.com/news/world-49434667', 'https://www.bbc.com/news/uk-57406029', 'https://www.bbc.co.uk/news/world-us-canada-57416519', 'http://www.bbc.com/news/world-us-canada-57416519', 'http://www.bbc.com/news/uk-57406029', 'http://cnn.com/2021/06/09/energy/keystone-pipeline-canceled/index.html'])"
"31.8160381,-99.5120986","('Texas', ['https://www.cbsnews.com/news/keystone-xl-pipeline-canceled/', 'https://www.cbsnews.com/news/covid-vaccine-houston-methodist-hospital-system-suspensions/', 'https://www.cbsnews.com/news/fentanyl-seizures-texas-mexico-border-immigration/', 'https://www.nytimes.com/2021/06/09/opinion/us-democracy-republicans.html', 'https://nytimes.com/2021/06/09/opinion/us-democracy-republicans.html', 'http://cnn.com/2021/06/09/business/rising-prices-inventories-post-pandemic/index.html', 'http://cnn.com/2021/06/09/business/boeing-air-force-one-delay/index.html', 'http://cnn.com/2021/06/09/business/solar-manufacturing-china-ohio/index.html'])"
"44.6471761,-100.348761","('South Dakota', ['https://www.cbsnews.com/news/keystone-xl-pipeline-canceled/'])"
"38.27312,-98.5821872","('Kansas', ['https://www.cbsnews.com/news/keystone-xl-pipeline-canceled/', 'https://www.cbsnews.com/news/oxnard-california-hazard-pay-stimulus-american-rescue-plan/'])"
"29.7589382,-95.3676974","('Houston', ['https://www.cbsnews.com/news/covid-vaccine-houston-methodist-hospital-system-suspensions/'])"
"29.7355047,-94.9774274","('Baytown', ['https://www.cbsnews.com/news/covid-vaccine-houston-methodist-hospital-system-suspensions/'])"
"45.0184417,-74.728703","('Cornwall', ['https://www.cbsnews.com/news/biden-europe-trip-first-foreign-international/', 'https://www.cbsnews.com/news/mount-recyclemore-sculpture-g7-cornwall-uk-biden-other-leaders-e-waste/', 'https://www.nytimes.com/live/2021/06/09/world/biden-europe/', 'https://www.bbc.com/news/world-us-canada-57416519', 'https://www.bbc.com/news/world-49434667', 'https://www.bbc.com/news/uk-57406029', 'https://www.bbc.co.uk/news/world-us-canada-57416519', 'http://www.bbc.com/news/world-us-canada-57416519', 'http://www.bbc.com/news/uk-57406029'])"
"51.0,10.0","('Europe', ['https://www.cbsnews.com/news/biden-europe-trip-first-foreign-international/', 'https://www.cbsnews.com/news/russia-covid-cases-deaths-rise-many-decline-sputnik-vaccine/', 'https://www.cbsnews.com/news/covid-19-travel-restrictions-worldwide/', 'https://www.cbsnews.com/news/anom-app-fbi-criminals-trojan-shield/', 'https://www.cbsnews.com/news/biden-infrastructure-bill-ends-negotiations-republican-senators/', 'https://www.nytimes.com/live/2021/06/09/world/biden-europe/', 'https://www.nytimes.com/live/2021/06/09/world/covid-vaccine-coronavirus-mask/', 'https://www.bbc.com/news/world-us-canada-57416519', 'https://www.bbc.com/news/world-57412997', 'https://www.bbc.co.uk/news/world-us-canada-57416519', 'http://www.bbc.com/news/world-us-canada-57416519', 'http://cnn.com/2021/06/09/business/rising-prices-inventories-post-pandemic/index.html', 'http://cnn.com/2021/06/09/business/solar-manufacturing-china-ohio/index.html'])"
"64.6863136,97.7453061","('Russia', ['https://www.cbsnews.com/news/biden-europe-trip-first-foreign-international/', 'https://www.cbsnews.com/news/russia-covid-cases-deaths-rise-many-decline-sputnik-vaccine/', 'https://www.cbsnews.com/news/covid-19-travel-restrictions-worldwide/', 'https://www.cbsnews.com/news/putin-critic-dmitry-gudkov-flees-russia/', 'https://www.cbsnews.com/news/microscopic-animal-bdelloid-rotifer-frozen-siberian-permafrost/', 'https://www.nytimes.com/live/2021/06/09/world/biden-europe/', 'https://www.nytimes.com/live/2021/06/09/world/covid-vaccine-coronavirus-mask/', 'https://www.bbc.com/news/world-us-canada-57416519', 'https://www.bbc.com/news/world-49434667', 'https://www.bbc.com/travel/story/20210609-alaskas-mushroom-of-immortality', 'https://www.bbc.co.uk/news/world-us-canada-57416519', 'http://www.bbc.com/news/world-us-canada-57416519', 'http://cnn.com/2021/06/09/business/rising-prices-inventories-post-pandemic/index.html', 'http://cnn.com/2021/06/09/business/jbs-cyberattack-11-million/index.html'])"
"46.2017559,6.1466014","('Geneva', ['https://www.cbsnews.com/news/biden-europe-trip-first-foreign-international/', 'https://www.nytimes.com/live/2021/06/09/world/biden-europe/', 'https://www.nytimes.com/2021/06/09/world/europe/navalny-ban-putin-biden-summit.html', 'https://www.nytimes.com/live/2021/06/09/world/covid-vaccine-coronavirus-mask/', 'https://www.bbc.com/news/world-us-canada-57416519', 'https://www.bbc.co.uk/news/world-us-canada-57416519', 'http://www.bbc.com/news/world-us-canada-57416519'])"
"50.8465573,4.351697","('Brussels', ['https://www.cbsnews.com/news/biden-europe-trip-first-foreign-international/', 'https://www.nytimes.com/live/2021/06/09/world/biden-europe/', 'https://www.bbc.com/news/world-us-canada-57416519', 'https://www.bbc.co.uk/news/world-us-canada-57416519', 'http://www.bbc.com/news/world-us-canada-57416519'])"
"39.5162234,-76.9382069","('Md.', ['https://www.nytimes.com/live/2021/06/09/world/biden-europe/'])"
"51.7462827,11.0457848","('Antifa', ['https://www.cbsnews.com/news/trump-photo-op-lafayette-park-protesters-watchdog-report/'])"
"38.89379365,-76.98799757261312","('D.C', ['https://www.cbsnews.com/news/lin-manuel-miranda-in-the-heights-movie/', 'https://www.cbsnews.com/news/el-chapo-wife-expected-guilty-plea-emma-coronel-aispuro/'])"
"38.8949924,-77.0365581","('WASHINGTON', ['https://www.nytimes.com/live/2021/06/09/world/biden-europe/', 'https://www.nytimes.com/2021/06/09/us/politics/park-police-trump-lafayette-square.html', 'https://www.nytimes.com/2021/06/09/us/politics/propublica-taxes-jeff-bezos-elon-musk.html', 'https://www.nytimes.com/2021/06/09/us/politics/biden-tiktok-ban-trump.html', 'https://www.nytimes.com/live/2021/06/09/world/covid-vaccine-coronavirus-mask/'])"
"44.9772995,-93.2654692","('Minneapolis', ['https://www.cbsnews.com/news/trump-photo-op-lafayette-park-protesters-watchdog-report/', 'https://www.washingtonpost.com/national/justices-to-decide-if-charge-fits-minneapolis-police-killing/2021/06/08/2eb68aba-c8d4-11eb-8708-64991f2acf28_story.html'])"
"39.7837304,-100.4458825","('MI', ['http://cnn.com/2021/06/09/business/solar-manufacturing-china-ohio/index.html'])"
,"('La.', ['http://cnn.com/2021/06/09/business/solar-manufacturing-china-ohio/index.html'])"
"34.395342,-111.763275","('Arizona', ['https://www.cbsnews.com/news/arizona-fire-emergency-declaration-doug-ducey/', 'https://www.cbsnews.com/news/mega-drought-colorado-river-system-water-system/', 'https://www.nytimes.com/2021/06/09/opinion/republican-party-2022.html', 'https://www.nytimes.com/2021/06/09/opinion/us-democracy-republicans.html', 'https://nytimes.com/2021/06/09/opinion/republican-party-2022.html', 'https://nytimes.com/2021/06/09/opinion/us-democracy-republicans.html', 'https://www.washingtonpost.com/climate-environment/2021/06/09/biden-epa-clean-water-act/', 'https://www.bbc.com/news/world-us-canada-57420166'])"
"37.504936,-122.2618236","('San Carlos', ['https://www.cbsnews.com/news/arizona-fire-emergency-declaration-doug-ducey/'])"
"50.1303605,-123.1197357","('Top-of-the-World area', ['https://www.cbsnews.com/news/arizona-fire-emergency-declaration-doug-ducey/'])"
"-34.8282571,-56.0128082","('East El Capitan', ['https://www.cbsnews.com/news/arizona-fire-emergency-declaration-doug-ducey/'])"
"1.357107,103.8194992","('Singapore', ['https://www.cbsnews.com/news/president-biden-revokes-trumps-attempted-tiktok-ban/'])"
"35.000074,104.999927","('CHINA', ['http://cnn.com/2021/06/09/business/solar-manufacturing-china-ohio/index.html'])"
"35.1345127,33.9225856","('Northern California', ['https://www.cbsnews.com/video/rising-tick-population-prompts-lyme-disease-warning-in-california/', 'https://www.cbsnews.com/news/ticks-california-beaches-lyme-disease/'])"
"36.7014631,-118.755997","('Calif.', ['https://www.nytimes.com/2021/06/09/sports/tennis-sexual-abuse.html', 'https://www.washingtonpost.com/national-security/2021/06/09/marine-corps-commandant-forces-out-general-cited-fatal-amphibious-vehicle-disaster/'])"
"42.3788774,-72.032366","('Massachusetts', ['https://www.cbsnews.com/news/verda-tetteh-college-scholarship/', 'http://cnn.com/2021/06/09/business/best-buy-thanksgiving-closed-2021/index.html'])"
"8.0300284,-1.0800271","('Ghana', ['https://www.cbsnews.com/news/verda-tetteh-college-scholarship/', 'https://www.cbsnews.com/news/covid-19-travel-restrictions-worldwide/'])"
"34.1976308,-119.1803818","('Oxnard', ['https://www.cbsnews.com/news/oxnard-california-hazard-pay-stimulus-american-rescue-plan/'])"
"34.0536909,-118.242766","('Los Angeles', ['https://www.cbsnews.com/news/oxnard-california-hazard-pay-stimulus-american-rescue-plan/', 'https://www.washingtonpost.com/sports/2021/06/09/mone-davis-broadcaster-dc-grays/', 'http://cnn.com/2021/06/09/business/rising-prices-inventories-post-pandemic/index.html'])"
"41.6500201,-72.7342163","('Connecticut', ['https://www.cbsnews.com/news/oxnard-california-hazard-pay-stimulus-american-rescue-plan/', 'https://www.cbsnews.com/news/lin-manuel-miranda-in-the-heights-movie/', 'http://cnn.com/2021/06/09/business/boeing-air-force-one-delay/index.html'])"
"33.7690164,-118.191604","('Long Beach', ['https://www.cbsnews.com/news/oxnard-california-hazard-pay-stimulus-american-rescue-plan/'])"
"40.7127281,-74.0060152","('New York City', ['https://www.cbsnews.com/news/lin-manuel-miranda-in-the-heights-movie/', 'https://www.cbsnews.com/news/new-york-city-mayor-debate-how-to-watch/', 'https://www.nytimes.com/2021/06/09/opinion/pride-police-nyc.html', 'https://nytimes.com/2021/06/09/opinion/pride-police-nyc.html', 'http://cnn.com/2021/06/09/entertainment/ben-affleck-jennifer-lopez-timeline-trnd/index.html', 'http://cnn.com/2021/06/09/business/solar-manufacturing-china-ohio/index.html'])"
"51.3540172,-0.45972042721173684","('Heights', ['https://www.cbsnews.com/news/lin-manuel-miranda-in-the-heights-movie/'])"
"40.8401984,-73.9402214","('Washington Heights', ['https://www.cbsnews.com/news/lin-manuel-miranda-in-the-heights-movie/'])"
"52.2609997,-7.1119081","('Waterford', ['https://www.cbsnews.com/news/lin-manuel-miranda-in-the-heights-movie/'])"
"-35.1190606,147.3029865","('West Side Story', ['https://www.cbsnews.com/news/lin-manuel-miranda-in-the-heights-movie/'])"
"40.0757384,-74.4041622","('New Jersey', ['https://www.cbsnews.com/news/ticks-california-beaches-lyme-disease/', 'https://www.cbsnews.com/news/new-york-city-mayor-debate-how-to-watch/', 'https://www.cbsnews.com/news/biden-infrastructure-bill-ends-negotiations-republican-senators/', 'https://www.nytimes.com/2021/06/09/style/modern-love-podcast-Hindu-horoscopes-astrology.html', 'https://nytimes.com/2021/06/09/style/modern-love-podcast-Hindu-horoscopes-astrology.html', 'http://cnn.com/2021/06/09/business/rising-prices-inventories-post-pandemic/index.html', 'http://cnn.com/2021/06/09/business-money/approaching-retirement-feseries/index.html'])"
"22.5000485,-100.0000375","('Mexico', ['https://www.cbsnews.com/news/fentanyl-seizures-texas-mexico-border-immigration/', 'https://www.cbsnews.com/news/covid-19-travel-restrictions-worldwide/', 'https://www.cbsnews.com/news/el-chapo-wife-expected-guilty-plea-emma-coronel-aispuro/'])"
"38.7251776,-105.607716","('Colorado', ['https://www.cbsnews.com/news/fentanyl-seizures-texas-mexico-border-immigration/', 'https://www.cbsnews.com/news/samantha-moreno-rodriguez-san-jose-mom-arrested-suspicion-killing-son-liam-husted/', 'https://www.cbsnews.com/news/el-chapo-wife-expected-guilty-plea-emma-coronel-aispuro/', 'https://www.washingtonpost.com/local/legal-issues/trump-election-claims-capitol-breach-defendants/2021/06/08/036f57ee-bf22-11eb-9c90-731aff7d9a0d_story.html'])"
"31.7754152,-106.464634","('El Paso', ['https://www.cbsnews.com/news/fentanyl-seizures-texas-mexico-border-immigration/'])"
"41.5051613,-81.6934446","('Cleveland', ['https://www.cbsnews.com/news/lordstown-motors-might-not-stay-business/', 'http://cnn.com/2021/06/09/business/rising-prices-inventories-post-pandemic/index.html'])"
"59.938732,30.316229","('St. Petersburg', ['https://www.cbsnews.com/news/russia-covid-cases-deaths-rise-many-decline-sputnik-vaccine/', 'https://www.nytimes.com/live/2021/06/09/world/biden-europe/', 'https://www.washingtonpost.com/sports/2021/06/09/euro-2020-covid/'])"
"55.7504461,37.6174943","('MOSCOW', ['https://www.nytimes.com/2021/06/09/world/europe/navalny-ban-putin-biden-summit.html'])"
"10.2735633,-84.0739102","('Costa Rica', ['https://www.cbsnews.com/news/covid-19-travel-restrictions-worldwide/'])"
"11.5024338,17.7578122","('Africa', ['https://www.cbsnews.com/news/covid-19-travel-restrictions-worldwide/', 'https://www.nytimes.com/live/2021/06/09/world/covid-vaccine-coronavirus-mask/', 'https://www.nytimes.com/2021/06/09/arts/design/napoleon-looted-art.html', 'https://www.washingtonpost.com/food/2021/06/09/fried-okra-recipe/'])"
"36.638392,127.6961188","('South', ['https://www.cbsnews.com/news/val-demings-florida-senate-campaign/', 'https://www.nytimes.com/2021/06/09/us/virus-vaccine-south.html', 'https://www.nytimes.com/live/2021/06/09/world/covid-vaccine-coronavirus-mask/', 'https://www.nytimes.com/2021/06/09/opinion/abortion-mississippi-supreme-court.html', 'https://www.nytimes.com/2021/06/09/opinion/us-democracy-republicans.html', 'https://www.nytimes.com/2021/06/09/books/review-all-that-she-carried-ashleys-sack-tiya-miles.html', 'https://nytimes.com/2021/06/09/opinion/abortion-mississippi-supreme-court.html', 'https://nytimes.com/2021/06/09/opinion/us-democracy-republicans.html'])"
"12.4902998,-69.9609842","('Aruba', ['https://www.cbsnews.com/news/covid-19-travel-restrictions-worldwide/'])"
"38.9953683,21.9877132","('Greece', ['https://www.cbsnews.com/news/covid-19-travel-restrictions-worldwide/'])"
"18.4,-75.0","('Caribbean', ['https://www.cbsnews.com/news/covid-19-travel-restrictions-worldwide/', 'https://www.nytimes.com/live/2021/06/09/world/covid-vaccine-coronavirus-mask/', 'https://www.washingtonpost.com/food/2021/06/09/fried-okra-recipe/'])"
"24.0002488,53.9994829","('the United Arab Emirates', ['https://www.cbsnews.com/news/covid-19-travel-restrictions-worldwide/'])"
"36.5748441,139.2394179","('Japan', ['https://www.cbsnews.com/news/covid-19-travel-restrictions-worldwide/', 'https://www.nytimes.com/live/2021/06/09/world/biden-europe/', 'https://www.bbc.com/news/world-us-canada-57416519', 'https://www.bbc.com/news/world-49434667', 'https://www.bbc.com/news/uk-57406029', 'https://www.bbc.co.uk/news/world-us-canada-57416519', 'http://www.bbc.com/news/world-us-canada-57416519', 'http://www.bbc.com/news/uk-57406029'])"
"-21.0002179,-61.0006565","('South America', ['https://www.cbsnews.com/news/covid-19-travel-restrictions-worldwide/', 'https://www.washingtonpost.com/food/2021/06/09/fried-okra-recipe/', 'http://cnn.com/2021/06/09/business/rising-prices-inventories-post-pandemic/index.html'])"
"39.3014159,-76.5888477","('Middle East', ['https://www.cbsnews.com/news/covid-19-travel-restrictions-worldwide/'])"
"22.3511148,78.6677428","('India', ['https://www.cbsnews.com/news/covid-19-travel-restrictions-worldwide/', 'https://www.nytimes.com/2021/06/09/style/modern-love-podcast-Hindu-horoscopes-astrology.html', 'https://www.nytimes.com/live/2021/06/09/world/covid-vaccine-coronavirus-mask/', 'https://www.nytimes.com/2021/06/09/world/asia/china-covid-lockdown.html', 'https://nytimes.com/2021/06/09/style/modern-love-podcast-Hindu-horoscopes-astrology.html', 'https://www.bbc.com/news/world-49434667', 'https://www.bbc.com/news/world-asia-india-57418671', 'https://www.bbc.co.uk/news/uk-57353165', 'http://www.bbc.com/news/world-asia-india-57418671', 'http://cnn.com/2021/06/09/business/rising-prices-inventories-post-pandemic/index.html', 'http://cnn.com/2021/06/09/business/solar-manufacturing-china-ohio/index.html'])"
"-6.8699697,-75.0458515","('Peru', ['https://www.cbsnews.com/news/covid-19-travel-restrictions-worldwide/'])"
"24.7736546,-78.0000547","('The Bahamas', ['https://www.cbsnews.com/news/covid-19-travel-restrictions-worldwide/'])"
"19.0974031,-70.3028026","('The Dominican Republic', ['https://www.cbsnews.com/news/covid-19-travel-restrictions-worldwide/'])"
"-10.3333333,-53.2","('Brazil', ['https://www.cbsnews.com/news/covid-19-travel-restrictions-worldwide/', 'http://cnn.com/2021/06/09/business/rising-prices-inventories-post-pandemic/index.html'])"
"64.9841821,-18.1059013","('Iceland', ['https://www.cbsnews.com/news/covid-19-travel-restrictions-worldwide/'])"
"-34.9964963,-64.9672817","('Argentina', ['https://www.cbsnews.com/news/covid-19-travel-restrictions-worldwide/', 'https://www.nytimes.com/live/2021/06/09/world/covid-vaccine-coronavirus-mask/'])"
"14.8971921,100.83273","('Thailand', ['https://www.cbsnews.com/news/covid-19-travel-restrictions-worldwide/', 'https://www.bbc.com/news/world-europe-57418141', 'http://cnn.com/2021/06/09/business/rising-prices-inventories-post-pandemic/index.html'])"
"51.2086975,89.2343748","('Southeast Asia', ['https://www.nytimes.com/live/2021/06/09/world/covid-vaccine-coronavirus-mask/'])"
"-30.29284845,153.12561585745573","('Central America', ['https://www.cbsnews.com/news/covid-19-travel-restrictions-worldwide/', 'https://www.nytimes.com/live/2021/06/09/world/covid-vaccine-coronavirus-mask/'])"
"-17.0568696,-64.9912286","('Bolivia', ['https://www.cbsnews.com/news/covid-19-travel-restrictions-worldwide/'])"
"-41.5000831,172.8344077","('New Zealand', ['https://www.cbsnews.com/news/covid-19-travel-restrictions-worldwide/', 'https://www.cbsnews.com/news/anom-app-fbi-criminals-trojan-shield/'])"
"-24.7761086,134.755","('Australia', ['https://www.cbsnews.com/news/covid-19-travel-restrictions-worldwide/', 'https://www.cbsnews.com/news/gamestop-amazon-new-ceo/', 'https://www.cbsnews.com/news/anom-app-fbi-criminals-trojan-shield/', 'https://www.bbc.com/news/world-49434667', 'http://cnn.com/2021/06/09/tech/gamestop-new-ceo-cfo/index.html', 'http://cnn.com/2021/06/09/business/rising-prices-inventories-post-pandemic/index.html', 'http://cnn.com/2021/06/09/business/jbs-cyberattack-11-million/index.html'])"
"51.0834196,10.4234469","('Germany', ['https://www.cbsnews.com/news/covid-19-travel-restrictions-worldwide/', 'https://www.washingtonpost.com/world/europe/g7-2021-boris-johnson/2021/06/09/ab712c2a-c7cd-11eb-8708-64991f2acf28_story.html', 'https://www.bbc.com/news/world-us-canada-57416519', 'https://www.bbc.com/news/world-49434667', 'https://www.bbc.com/news/uk-57406029', 'https://www.bbc.co.uk/news/world-us-canada-57416519', 'http://www.bbc.com/news/world-us-canada-57416519', 'http://www.bbc.com/news/uk-57406029', 'http://cnn.com/2021/06/09/entertainment/david-hasselhoff-germany-vaccination-campaign-scli-intl-grm/index.html', 'http://cnn.com/2021/06/09/business/rising-prices-inventories-post-pandemic/index.html'])"
"-31.7613365,-71.3187697","('Chile', ['https://www.cbsnews.com/news/covid-19-travel-restrictions-worldwide/', 'https://www.nytimes.com/live/2021/06/09/world/covid-vaccine-coronavirus-mask/'])"
"31.1728205,-7.3362482","('Morocco', ['https://www.cbsnews.com/news/covid-19-travel-restrictions-worldwide/'])"
"31.5313113,34.8667654","('Israel', ['https://www.cbsnews.com/news/covid-19-travel-restrictions-worldwide/', 'https://www.washingtonpost.com/world/2021/06/09/israeli-east-jerusalem-sheikh-jarrah-palestinians-detained/'])"
"52.3800847,16.984005","('Bitcoin', ['https://www.cbsnews.com/news/bitcoin-el-salvador-legal-tender/'])"
"13.8000382,-88.9140683","('El Salvador', ['https://www.cbsnews.com/news/bitcoin-el-salvador-legal-tender/', 'http://cnn.com/2021/06/09/investing/premarket-stocks-trading/index.html'])"
"51.973901749999996,8.500016314944176","(""El Salvador's"", ['https://www.cbsnews.com/news/bitcoin-el-salvador-legal-tender/'])"
"50.6737873,9.3505346","('REUTERS', ['https://www.cbsnews.com/news/mount-recyclemore-sculpture-g7-cornwall-uk-biden-other-leaders-e-waste/'])"
"52.5310214,-1.2649062","('England', ['https://www.cbsnews.com/news/mount-recyclemore-sculpture-g7-cornwall-uk-biden-other-leaders-e-waste/', 'https://www.cbsnews.com/news/prince-harry-meghan-markle-daughter-lilibet-queen-report/', 'https://www.nytimes.com/live/2021/06/09/world/biden-europe/', 'https://www.nytimes.com/live/2021/06/09/world/covid-vaccine-coronavirus-mask/', 'https://www.washingtonpost.com/sports/2021/06/09/euro-2020-covid/', 'https://www.bbc.com/news/world-us-canada-57416519', 'https://www.bbc.co.uk/news/world-us-canada-57416519', 'http://www.bbc.com/news/world-us-canada-57416519'])"
"51.5073219,-0.1276474","('London', ['https://www.cbsnews.com/news/mount-recyclemore-sculpture-g7-cornwall-uk-biden-other-leaders-e-waste/', 'https://www.cbsnews.com/news/prince-harry-meghan-markle-daughter-lilibet-queen-report/', 'https://www.nytimes.com/live/2021/06/09/world/biden-europe/', 'https://www.bbc.com/news/world-49434667', 'http://cnn.com/2021/06/09/investing/premarket-stocks-trading/index.html'])"
"50.1970953,-5.4637047","('Carbis Bay', ['https://www.cbsnews.com/news/mount-recyclemore-sculpture-g7-cornwall-uk-biden-other-leaders-e-waste/', 'https://www.nytimes.com/live/2021/06/09/world/biden-europe/', 'https://www.bbc.com/news/uk-57406029', 'http://www.bbc.com/news/uk-57406029'])"
"33.5696629,36.4012933","('Duma', ['https://www.cbsnews.com/news/putin-critic-dmitry-gudkov-flees-russia/'])"
"50.4500336,30.5241361","('Kyiv', ['https://www.cbsnews.com/news/putin-critic-dmitry-gudkov-flees-russia/'])"
"55.7628614,37.6532293","('Moscow City', ['https://www.cbsnews.com/news/putin-critic-dmitry-gudkov-flees-russia/'])"
"42.6073975,25.4856617","('Bulgaria', ['https://www.cbsnews.com/news/putin-critic-dmitry-gudkov-flees-russia/'])"
"34.4221319,-119.7026673","('SANTA BARBARA', ['https://www.nytimes.com/2021/06/09/sports/tennis-sexual-abuse.html'])"
"42.7006303,-74.924321","('Cooperstown', ['https://www.cbsnews.com/news/baseball-hall-of-fame-postpones-induction-fans/'])"
"51.7984327,0.8294220255488827","('Brooklyn Borough', ['https://www.cbsnews.com/news/new-york-city-mayor-debate-how-to-watch/'])"
"40.7498243,-73.7976337","('Queens', ['https://www.cbsnews.com/news/new-york-city-mayor-debate-how-to-watch/'])"
"40.6501038,-73.9495823","('Brooklyn', ['https://www.cbsnews.com/news/new-york-city-mayor-debate-how-to-watch/', 'https://www.cbsnews.com/news/el-chapo-wife-expected-guilty-plea-emma-coronel-aispuro/', 'https://www.nytimes.com/2021/06/09/nyregion/eric-adams-maya-wiley-endorsement-jumaane.html', 'https://www.bbc.com/news/world-us-canada-57422026', 'http://www.bbc.com/news/world-us-canada-57422026'])"
"28.5421109,-81.3790304","('Orlando', ['https://www.cbsnews.com/news/val-demings-florida-senate-campaign/', 'https://www.washingtonpost.com/powerpost/senate-demings-rubio-trump/2021/06/09/4d182968-c920-11eb-a11b-6c6191ccd599_story.html'])"
"27.7567667,-81.4639835","('Florida', ['https://www.cbsnews.com/news/val-demings-florida-senate-campaign/', 'https://www.cbsnews.com/news/joe-biden-marjory-stoneman-douglas-graduation/', 'https://www.washingtonpost.com/powerpost/senate-demings-rubio-trump/2021/06/09/4d182968-c920-11eb-a11b-6c6191ccd599_story.html'])"
"39.2908816,-76.610759","('Baltimore', ['https://www.cbsnews.com/news/brood-x-cicadas-national-weather-service-radar/'])"
"31.15172525,112.87832224656043","('East', ['https://www.cbsnews.com/news/brood-x-cicadas-national-weather-service-radar/'])"
"37.1232245,-78.4927721","('Virginia', ['https://www.cbsnews.com/news/brood-x-cicadas-national-weather-service-radar/', 'https://www.nytimes.com/2021/06/09/opinion/republican-party-2022.html', 'https://nytimes.com/2021/06/09/opinion/republican-party-2022.html', 'https://www.washingtonpost.com/local/virginia-politics/virginia-lieutenant-governor-woman/2021/06/09/573eba66-c947-11eb-afd0-9726f7ec0ba6_story.html'])"
"28.810823,-81.8778582","('Leesburg', ['https://www.cbsnews.com/news/brood-x-cicadas-national-weather-service-radar/'])"
"43.411391,-106.280075","('Midwest', ['https://www.cbsnews.com/news/brood-x-cicadas-national-weather-service-radar/', 'https://www.cbsnews.com/news/drone-refuels-us-navy-fighter-jet-midair/', 'http://cnn.com/2021/06/09/business/solar-manufacturing-china-ohio/index.html'])"
"54.8347213,37.6139685","('Pushchino', ['https://www.cbsnews.com/news/microscopic-animal-bdelloid-rotifer-frozen-siberian-permafrost/'])"
"34.2331373,-102.4107493","('Earth', ['https://www.cbsnews.com/news/microscopic-animal-bdelloid-rotifer-frozen-siberian-permafrost/', 'https://www.cbsnews.com/news/senate-bill-tech-industry-china/', 'https://www.nytimes.com/2021/06/09/opinion/pride-police-nyc.html', 'https://nytimes.com/2021/06/09/opinion/pride-police-nyc.html', 'https://www.washingtonpost.com/politics/2021/06/09/gohmerts-question-about-forest-service-changing-earths-orbit-was-dumb-not-reason-you-think/'])"
"42.1856379,-75.4143448","('Arctic', ['https://www.cbsnews.com/news/microscopic-animal-bdelloid-rotifer-frozen-siberian-permafrost/'])"
"37.7790262,-122.419906","('San Francisco', ['https://www.cbsnews.com/news/samantha-moreno-rodriguez-san-jose-mom-arrested-suspicion-killing-son-liam-husted/', 'https://www.cbsnews.com/news/fastly-says-widespread-outage-of-top-websites-triggered-by-software-bug/'])"
"34.2176371,-119.0383541","('Camarillo', ['https://www.cbsnews.com/news/samantha-moreno-rodriguez-san-jose-mom-arrested-suspicion-killing-son-liam-husted/'])"
"36.0185311,-115.5068616","('Mountain Springs', ['https://www.cbsnews.com/news/samantha-moreno-rodriguez-san-jose-mom-arrested-suspicion-killing-son-liam-husted/'])"
"37.3361905,-121.890583","('San Jose', ['https://www.cbsnews.com/news/samantha-moreno-rodriguez-san-jose-mom-arrested-suspicion-killing-son-liam-husted/'])"
"39.7392364,-104.9848623","('Denver', ['https://www.cbsnews.com/news/samantha-moreno-rodriguez-san-jose-mom-arrested-suspicion-killing-son-liam-husted/'])"
"39.5158825,-116.8537227","('Nevada', ['https://www.cbsnews.com/news/samantha-moreno-rodriguez-san-jose-mom-arrested-suspicion-killing-son-liam-husted/', 'https://www.cbsnews.com/news/mega-drought-colorado-river-system-water-system/'])"
"36.1672559,-115.148516","('Las Vegas', ['https://www.cbsnews.com/news/samantha-moreno-rodriguez-san-jose-mom-arrested-suspicion-killing-son-liam-husted/', 'https://www.cbsnews.com/news/mega-drought-colorado-river-system-water-system/'])"
"33.7500378,-117.8704931","('Orange County', ['https://www.cbsnews.com/news/marcus-eriz-aiden-leos-murder-charge-california-shooting/'])"
"59.6749712,14.5208584","('Southeast', ['https://www.washingtonpost.com/food/2021/06/09/fried-okra-recipe/'])"
"22.21926895,114.2252233573989","('the Southern District', ['https://www.cbsnews.com/news/anom-app-fbi-criminals-trojan-shield/'])"
"52.5001698,5.7480821","('Nederland', ['http://cnn.com/2021/06/09/business/solar-manufacturing-china-ohio/index.html'])"
"50.6080651,9.0284647","('Hesse', ['https://www.cbsnews.com/news/anom-app-fbi-criminals-trojan-shield/'])"
"50.1106444,8.6820917","('Frankfurt', ['https://www.cbsnews.com/news/anom-app-fbi-criminals-trojan-shield/'])"
"-33.8548157,151.2164539","('Sydney', ['https://www.cbsnews.com/news/anom-app-fbi-criminals-trojan-shield/'])"
"40.0796606,-89.4337288","('Illinois', ['https://www.cbsnews.com/news/drone-refuels-us-navy-fighter-jet-midair/', 'https://www.nytimes.com/2021/06/09/opinion/us-democracy-republicans.html', 'https://nytimes.com/2021/06/09/opinion/us-democracy-republicans.html'])"
"38.490327,-89.793154","('Mascoutah', ['https://www.cbsnews.com/news/drone-refuels-us-navy-fighter-jet-midair/'])"
"33.8564911,-96.7038867","('Islands', ['https://www.cbsnews.com/news/mega-drought-colorado-river-system-water-system/'])"
"32.8085851,-111.4426212","('Pinal County', ['https://www.cbsnews.com/news/mega-drought-colorado-river-system-water-system/'])"
"33.4484367,-112.0741417","('Phoenix', ['https://www.cbsnews.com/news/mega-drought-colorado-river-system-water-system/'])"
"36.217208150000005,-114.4109763071589","('Lake Mead', ['https://www.cbsnews.com/news/mega-drought-colorado-river-system-water-system/'])"
"34.044146350000005,-118.24466336743033","('Southern California', ['https://www.cbsnews.com/news/mega-drought-colorado-river-system-water-system/'])"
"5.0577606,9.2289407","('Southwest', ['https://www.cbsnews.com/news/mega-drought-colorado-river-system-water-system/'])"
"33.58648635,-114.54216419623414","('Colorado River', ['https://www.cbsnews.com/news/mega-drought-colorado-river-system-water-system/'])"
"45.0712839,4.8370726","(""Tain-L'Hermitage"", ['https://www.cbsnews.com/news/emmanuel-macron-slapped-face-france/'])"
"59.9412076,30.315486515853937","('Hermitage', ['https://www.cbsnews.com/news/emmanuel-macron-slapped-face-france/'])"
"32.350721,-80.6896154","('de France', ['https://www.cbsnews.com/news/emmanuel-macron-slapped-face-france/'])"
"39.8266503,-97.6580834","('Republic', ['https://www.cbsnews.com/news/emmanuel-macron-slapped-face-france/', 'https://www.nytimes.com/live/2021/06/09/world/biden-europe/'])"
"48.8566969,2.3514616","('PARIS', ['https://www.nytimes.com/2021/06/09/arts/design/napoleon-looted-art.html'])"
"39.4697065,-0.3763353","('Valence', ['https://www.cbsnews.com/news/emmanuel-macron-slapped-face-france/'])"
"43.7698712,11.2555757","('Florence', ['https://www.cbsnews.com/news/el-chapo-wife-expected-guilty-plea-emma-coronel-aispuro/'])"
"43.1700264,-107.568534","('Wyoming', ['https://www.cbsnews.com/news/biden-infrastructure-bill-ends-negotiations-republican-senators/'])"
"40.9699889,-77.7278831","('Pennsylvania', ['https://www.cbsnews.com/news/biden-infrastructure-bill-ends-negotiations-republican-senators/', 'https://www.nytimes.com/2021/06/09/us/politics/propublica-taxes-jeff-bezos-elon-musk.html'])"
"39.4225192,-111.714358","('Utah', ['https://www.cbsnews.com/news/biden-infrastructure-bill-ends-negotiations-republican-senators/', 'https://www.nytimes.com/live/2021/06/09/world/covid-vaccine-coronavirus-mask/'])"
"26.3100794,-80.23727","('Parkland', ['https://www.cbsnews.com/news/joe-biden-marjory-stoneman-douglas-graduation/'])"
"36.1556805,-95.9929113","('Tulsa', ['https://www.cbsnews.com/news/biden-spending-small-businesses/'])"
"37.5726028,-85.1551411","('Kentucky', ['https://www.cbsnews.com/news/senate-bill-tech-industry-china/'])"
"39.906217,116.3912757","('BEIJING', ['https://www.nytimes.com/2021/06/09/world/asia/china-covid-lockdown.html'])"
"32.9715645,-89.7348497","('Miss.', ['https://www.nytimes.com/2021/06/09/opinion/abortion-mississippi-supreme-court.html', 'https://nytimes.com/2021/06/09/opinion/abortion-mississippi-supreme-court.html'])"
"22.41540825,72.03149703699282","('Gujarat', ['https://www.nytimes.com/2021/06/09/style/modern-love-podcast-Hindu-horoscopes-astrology.html', 'https://nytimes.com/2021/06/09/style/modern-love-podcast-Hindu-horoscopes-astrology.html'])"
"46.4873195,30.7392776","('Odessa', ['https://www.nytimes.com/2021/05/17/us/The-Daily-covid-graduation.html', 'https://nytimes.com/2021/05/17/us/The-Daily-covid-graduation.html'])"
"26.172826,-98.1626132","('West Texas', ['https://www.nytimes.com/2021/05/17/us/The-Daily-covid-graduation.html', 'https://nytimes.com/2021/05/17/us/The-Daily-covid-graduation.html'])"
"31.8868832,-102.32324393732543","('the Permian Basin', ['https://www.nytimes.com/2021/05/17/us/The-Daily-covid-graduation.html', 'https://nytimes.com/2021/05/17/us/The-Daily-covid-graduation.html'])"
"52.865196,-7.9794599","('the Republic of Ireland', ['https://www.nytimes.com/live/2021/06/09/world/biden-europe/'])"
"-40.81517985,-62.9999849502909","('R.A.F.', ['https://www.nytimes.com/live/2021/06/09/world/biden-europe/', 'https://www.nytimes.com/live/2021/06/09/world/covid-vaccine-coronavirus-mask/'])"
"49.4871968,31.2718321","('Ukraine', ['https://www.nytimes.com/live/2021/06/09/world/biden-europe/', 'https://www.bbc.com/news/world-us-canada-57416519', 'https://www.bbc.co.uk/news/world-us-canada-57416519', 'http://www.bbc.com/news/world-us-canada-57416519'])"
"52.36271185,0.4854342180401322","('RAF MILDENHALL', ['https://www.nytimes.com/live/2021/06/09/world/biden-europe/'])"
"52.241001350000005,1.0466830312565236","('Suffolk', ['https://www.nytimes.com/live/2021/06/09/world/biden-europe/', 'https://www.nytimes.com/live/2021/06/09/world/covid-vaccine-coronavirus-mask/', 'https://www.bbc.com/news/world-us-canada-57416519', 'https://www.bbc.co.uk/news/world-us-canada-57416519', 'http://www.bbc.com/news/world-us-canada-57416519'])"
"54.5859836,-6.9591554","('NI', ['https://www.bbc.com/news/uk-politics-57411343'])"
"53.4250605,27.6971358","('Belarus', ['https://www.nytimes.com/live/2021/06/09/world/biden-europe/'])"
"54.5964411,-5.9302761","('Belfast', ['https://www.nytimes.com/live/2021/06/09/world/biden-europe/'])"
"33.7680065,66.2385139","('L', ['https://www.washingtonpost.com/business/2021/06/09/affordable-housing-coming-truxton-circle/'])"
"52.5170365,13.3888599","('Berlin', ['https://www.nytimes.com/live/2021/06/09/world/biden-europe/'])"
"51.4260249,-1.6985302","('Mildenhall', ['https://www.nytimes.com/live/2021/06/09/world/biden-europe/', 'https://www.nytimes.com/live/2021/06/09/world/covid-vaccine-coronavirus-mask/'])"
"32.2690953,-102.6042447","('Andrews', ['https://www.nytimes.com/live/2021/06/09/world/biden-europe/'])"
"60.5000209,9.0999715","('North', ['https://www.nytimes.com/live/2021/06/09/world/biden-europe/'])"
"33.0955793,44.1749775","('Iraq', ['https://www.nytimes.com/2021/06/09/us/politics/afghanistan-airstrikes-us-troop-withdrawal.html', 'https://www.washingtonpost.com/world/iraq-iran-militia-commander-freed/2021/06/09/b371c3a8-c903-11eb-8708-64991f2acf28_story.html'])"
"29.9665252,-85.2175889","('Gulf', ['https://www.nytimes.com/2021/06/09/us/politics/afghanistan-airstrikes-us-troop-withdrawal.html'])"
"5.6990481,-0.2057189","('the Islamic State', ['https://www.nytimes.com/2021/06/09/us/politics/afghanistan-airstrikes-us-troop-withdrawal.html'])"
"34.5260109,69.1776838","('Kabul', ['https://www.nytimes.com/2021/06/09/us/politics/afghanistan-airstrikes-us-troop-withdrawal.html'])"
"33.3024309,44.3787992","('Baghdad', ['https://www.nytimes.com/2021/06/09/us/politics/afghanistan-airstrikes-us-troop-withdrawal.html'])"
"47.8331514,-122.4345806","('Puget Sound', ['https://www.nytimes.com/2021/06/09/climate/biden-clean-water-wotus.html'])"
"43.9792797,-120.737257","('Oregon', ['https://www.nytimes.com/2021/06/09/climate/biden-clean-water-wotus.html'])"
"32.6458087,-16.9290603","('E.P.A.', ['https://www.nytimes.com/2021/06/09/climate/biden-clean-water-wotus.html'])"
"39.548248,-91.153628","('Mississippi River', ['https://www.nytimes.com/2021/06/09/climate/biden-clean-water-wotus.html'])"
"38.228414900000004,-76.2631734771632","('the Chesapeake Bay', ['https://www.nytimes.com/2021/06/09/climate/biden-clean-water-wotus.html'])"
"37.4416863,-98.4225773","('Nashville', ['https://www.washingtonpost.com/arts-entertainment/2021/06/09/morgan-wallen-country-music-change/', 'http://cnn.com/2021/06/09/entertainment/cmt-music-awards-2021/index.html'])"
"30.8703881,-92.007126","('Louisiana', ['https://www.nytimes.com/2021/06/09/us/virus-vaccine-south.html', 'https://www.nytimes.com/live/2021/06/09/world/covid-vaccine-coronavirus-mask/'])"
"52.4796992,-1.9026911","('Birmingham', ['https://www.nytimes.com/2021/06/09/us/virus-vaccine-south.html'])"
"33.2588817,-86.8295337","('Alabama', ['https://www.nytimes.com/2021/06/09/us/virus-vaccine-south.html', 'https://www.nytimes.com/live/2021/06/09/world/covid-vaccine-coronavirus-mask/'])"
"34.0313997,-117.9895098","('Latin America', ['https://www.nytimes.com/live/2021/06/09/world/covid-vaccine-coronavirus-mask/'])"
"-34.6075682,-58.4370894","('Buenos Aires', ['https://www.nytimes.com/live/2021/06/09/world/covid-vaccine-coronavirus-mask/'])"
"32.3402898,-95.2563971","('Smith County', ['https://www.nytimes.com/live/2021/06/09/world/covid-vaccine-coronavirus-mask/'])"
"56.7861112,-4.1140518","('Scotland', ['https://www.nytimes.com/live/2021/06/09/world/covid-vaccine-coronavirus-mask/'])"
"46.2354272,130.5570647","('Huanan', ['https://www.nytimes.com/live/2021/06/09/world/covid-vaccine-coronavirus-mask/'])"
"36.3882376,-86.1332156","('Trousdale County', ['https://www.nytimes.com/live/2021/06/09/world/covid-vaccine-coronavirus-mask/'])"
"30.4065868,-87.6835974","('Foley', ['https://www.nytimes.com/live/2021/06/09/world/covid-vaccine-coronavirus-mask/'])"
"39.9527237,-75.1635262","('Philadelphia', ['https://www.nytimes.com/live/2021/06/09/world/covid-vaccine-coronavirus-mask/'])"
"31.4432234,34.360007","('Gaza', ['https://www.nytimes.com/live/2021/06/09/world/covid-vaccine-coronavirus-mask/', 'https://www.bbc.com/news/world-middle-east-57396819'])"
"30.5951051,114.2999353","('Wuhan', ['https://www.nytimes.com/live/2021/06/09/world/covid-vaccine-coronavirus-mask/'])"
"35.0349239,-106.6870693","('Bernalillo', ['https://www.nytimes.com/live/2021/06/09/world/covid-vaccine-coronavirus-mask/'])"
"-23.2335499,17.3231107","('Namibia', ['https://www.nytimes.com/live/2021/06/09/world/covid-vaccine-coronavirus-mask/'])"
"43.6534817,-79.3839347","('Toronto', ['https://www.nytimes.com/live/2021/06/09/world/covid-vaccine-coronavirus-mask/'])"
"33.8439408,9.400138","('Tunisia', ['https://www.nytimes.com/live/2021/06/09/world/covid-vaccine-coronavirus-mask/'])"
"31.9130171,-98.527388","('Comanche County', ['https://www.nytimes.com/live/2021/06/09/world/covid-vaccine-coronavirus-mask/'])"
"40.6670439,-75.1573972","('Alpha', ['https://www.nytimes.com/live/2021/06/09/world/covid-vaccine-coronavirus-mask/'])"
"46.015703,11.264283","('Tenn.', ['https://www.nytimes.com/live/2021/06/09/world/covid-vaccine-coronavirus-mask/'])"
"-28.8166236,24.991639","('South Africa', ['https://www.nytimes.com/live/2021/06/09/world/covid-vaccine-coronavirus-mask/'])"
"38.4898675,-122.3218414","('Napa County', ['https://www.nytimes.com/live/2021/06/09/world/covid-vaccine-coronavirus-mask/'])"
"44.071351,-95.666399","('Currie', ['https://www.nytimes.com/live/2021/06/09/world/covid-vaccine-coronavirus-mask/'])"
"43.6211955,-84.6824346","('Michigan', ['https://www.nytimes.com/live/2021/06/09/world/covid-vaccine-coronavirus-mask/', 'http://cnn.com/2021/06/09/business/solar-manufacturing-china-ohio/index.html'])"
"-26.205,28.049722","('Johannesburg', ['https://www.nytimes.com/live/2021/06/09/world/covid-vaccine-coronavirus-mask/'])"
"38.7604815,-92.5617875","('Missouri', ['https://www.nytimes.com/2021/06/09/opinion/pride-police-nyc.html', 'https://nytimes.com/2021/06/09/opinion/pride-police-nyc.html'])"
"34.5708167,-105.993007","('New Mexico', ['https://www.washingtonpost.com/climate-environment/2021/06/09/biden-epa-clean-water-act/'])"
"42.6384261,12.674297","('Italy', ['https://www.nytimes.com/live/2021/06/09/world/covid-vaccine-coronavirus-mask/', 'https://www.bbc.com/news/world-us-canada-57416519', 'https://www.bbc.com/news/world-49434667', 'https://www.bbc.com/news/uk-57406029', 'https://www.bbc.co.uk/news/world-us-canada-57416519', 'http://www.bbc.com/news/world-us-canada-57416519', 'http://www.bbc.com/news/uk-57406029'])"
"45.9896587,-94.6113288","('Minn.', ['https://www.nytimes.com/live/2021/06/09/world/covid-vaccine-coronavirus-mask/'])"
"32.0254688,35.2888075","('the West Bank', ['https://www.nytimes.com/live/2021/06/09/world/covid-vaccine-coronavirus-mask/'])"
"-23.1681782,24.5928742","('Botswana', ['https://www.nytimes.com/live/2021/06/09/world/covid-vaccine-coronavirus-mask/'])"
"-32.8755548,-56.0201525","('Uruguay', ['https://www.nytimes.com/live/2021/06/09/world/covid-vaccine-coronavirus-mask/'])"
"30.8118989,-93.740504","('Newton County', ['https://www.nytimes.com/live/2021/06/09/world/covid-vaccine-coronavirus-mask/'])"
"23.1357694,113.1982688","('Guangdong', ['https://www.nytimes.com/2021/06/09/world/asia/china-covid-lockdown.html'])"
"23.1301964,113.2592945","('Guangzhou', ['https://www.nytimes.com/2021/06/09/world/asia/china-covid-lockdown.html'])"
"38.0114581,-107.6658815","('the Deep South', ['https://www.nytimes.com/2021/06/09/opinion/politics/irs-tax-evasion-geithner-lew-paulson-summers-rubin.html', 'https://nytimes.com/2021/06/09/opinion/politics/irs-tax-evasion-geithner-lew-paulson-summers-rubin.html'])"
"39.8805189,25.0646481","('I.R.S.', ['https://www.nytimes.com/2021/06/09/opinion/politics/irs-tax-evasion-geithner-lew-paulson-summers-rubin.html', 'https://nytimes.com/2021/06/09/opinion/politics/irs-tax-evasion-geithner-lew-paulson-summers-rubin.html'])"
"32.3293809,-83.1137366","('Georgia', ['https://www.nytimes.com/2021/06/09/opinion/republican-party-2022.html', 'https://www.nytimes.com/2021/06/09/opinion/us-democracy-republicans.html', 'https://nytimes.com/2021/06/09/opinion/republican-party-2022.html', 'https://nytimes.com/2021/06/09/opinion/us-democracy-republicans.html', 'https://www.washingtonpost.com/travel/2021/04/26/europe-open-americans-greece-iceland/', 'https://www.bbc.com/worklife/article/20210604-can-pop-up-work-holidays-help-workers-de-stress'])"
"32.2990384,-90.1847691","('JACKSON', ['https://www.nytimes.com/2021/06/09/opinion/abortion-mississippi-supreme-court.html', 'https://nytimes.com/2021/06/09/opinion/abortion-mississippi-supreme-court.html'])"
"37.4429964,-122.1545229","('Silicon Valley', ['https://www.nytimes.com/2021/06/09/opinion/facebook-news-feed-zuckerberg.html', 'https://nytimes.com/2021/06/09/opinion/facebook-news-feed-zuckerberg.html'])"
"44.5990718,-72.5002608","('Vermont', ['https://www.nytimes.com/2021/06/09/opinion/us-democracy-republicans.html', 'https://nytimes.com/2021/06/09/opinion/us-democracy-republicans.html'])"
"-42.9945669,170.7100413","('the West Coast', ['https://www.nytimes.com/2021/06/09/opinion/us-democracy-republicans.html', 'https://nytimes.com/2021/06/09/opinion/us-democracy-republicans.html'])"
"35.6729639,-79.0392919","('North Carolina', ['https://www.nytimes.com/2021/06/09/opinion/us-democracy-republicans.html', 'https://nytimes.com/2021/06/09/opinion/us-democracy-republicans.html'])"
"44.4308975,-89.6884637","('Wisconsin', ['https://www.nytimes.com/2021/06/09/opinion/us-democracy-republicans.html', 'https://nytimes.com/2021/06/09/opinion/us-democracy-republicans.html'])"
"38.6529545,-90.24111656024635","('St. Louis', ['https://www.nytimes.com/2021/06/09/opinion/pride-police-nyc.html', 'https://nytimes.com/2021/06/09/opinion/pride-police-nyc.html'])"
"40.7332366,-74.0046926","('New York City Pride', ['https://www.nytimes.com/2021/06/09/opinion/pride-police-nyc.html', 'https://nytimes.com/2021/06/09/opinion/pride-police-nyc.html'])"
"45.46962845,-89.75452729933797","('Pride Island', ['https://www.nytimes.com/2021/06/09/opinion/pride-police-nyc.html', 'https://nytimes.com/2021/06/09/opinion/pride-police-nyc.html'])"
"39.1104389,-84.5144499","('Obergefell', ['https://www.nytimes.com/2021/06/09/opinion/pride-police-nyc.html', 'https://nytimes.com/2021/06/09/opinion/pride-police-nyc.html'])"
"33.1571742,-100.2453011","('Stonewall', ['https://www.nytimes.com/2021/06/09/opinion/pride-police-nyc.html', 'https://nytimes.com/2021/06/09/opinion/pride-police-nyc.html'])"
"45.4371908,12.3345898","('Venice', ['https://www.nytimes.com/2021/06/09/arts/design/napoleon-looted-art.html'])"
"45.9081401,9.141582381412086","('Alps', ['https://www.nytimes.com/2021/06/09/arts/design/napoleon-looted-art.html'])"
"33.6874388,-80.4363743","('South Carolina', ['https://www.nytimes.com/2021/06/09/books/review-all-that-she-carried-ashleys-sack-tiya-miles.html'])"
"-59.9999999,89.9999999","('the Southern Ocean', ['https://www.washingtonpost.com/science/2021/06/09/fifth-ocean-national-geographic-southern-ocean/'])"
"-79.4063075,0.3149312","('Antarctica', ['https://www.washingtonpost.com/science/2021/06/09/fifth-ocean-national-geographic-southern-ocean/'])"
"32.6475314,54.5643516","('Iran', ['https://www.washingtonpost.com/world/europe/g7-2021-boris-johnson/2021/06/09/ab712c2a-c7cd-11eb-8708-64991f2acf28_story.html'])"
"40.3492744,-74.6592958","('Princeton', ['https://www.washingtonpost.com/opinions/2021/06/09/advancing-democracy-abroad-requires-defending-it-home/'])"
"41.8755616,-87.6244212","('Chicago', ['https://www.washingtonpost.com/lifestyle/travel/these-car-rental-alternatives-will-get-you-there-this-summer/2021/06/09/6e7cac8a-c792-11eb-81b1-34796c7393af_story.html'])"
"33.8085911,-117.9395347","('D-Calif.', ['https://www.washingtonpost.com/local/legal-issues/trump-election-claims-capitol-breach-defendants/2021/06/08/036f57ee-bf22-11eb-9c90-731aff7d9a0d_story.html'])"
"39.3260685,-4.8379791","('Spain', ['https://www.washingtonpost.com/nation/2021/06/09/coronavirus-covid-live-updates-us/', 'https://www.washingtonpost.com/nation/2021/06/09/coronavirus-covid-live-updates-us/#link-VQAE5CI7VVDSDN4BY7XQKTJZCU', 'https://www.washingtonpost.com/nation/2021/06/09/coronavirus-covid-live-updates-us/#link-2W2N7S3PBJFE3K5FSSOFIVSERM', 'https://www.washingtonpost.com/nation/2021/06/09/coronavirus-covid-live-updates-us/#link-AMBQC5T57BCOTON3XIAO2ROTKE', 'http://cnn.com/2021/06/09/business/rising-prices-inventories-post-pandemic/index.html'])"
"38.4758406,-80.8408415","('D-W.Va.', ['https://www.washingtonpost.com/us-policy/2021/06/09/gender-pay-gap-minimum-wage/'])"
"32.6156423,44.0348194","('Karbala', ['https://www.washingtonpost.com/world/iraq-iran-militia-commander-freed/2021/06/09/b371c3a8-c903-11eb-8708-64991f2acf28_story.html'])"
"30.3321838,-81.655651","('Jacksonville', ['https://www.washingtonpost.com/nation/2021/06/09/acosta-bridge-desantis-lgbtq-florida/'])"
"33.3070018,-117.47376","('Camp Pendleton', ['https://www.washingtonpost.com/national-security/2021/06/09/marine-corps-commandant-forces-out-general-cited-fatal-amphibious-vehicle-disaster/'])"
"35.8583842,-101.972857","('Dumas', ['https://www.washingtonpost.com/weather/2021/06/09/flooding-south-high-risk/'])"
"45.0257232,-93.4865052","('Hennepin County', ['https://www.washingtonpost.com/national/justices-to-decide-if-charge-fits-minneapolis-police-killing/2021/06/08/2eb68aba-c8d4-11eb-8708-64991f2acf28_story.html'])"
"12.7503486,122.7312101","('P', ['https://www.washingtonpost.com/business/2021/06/09/affordable-housing-coming-truxton-circle/'])"
"26.3048741,50.1697474","('South Philly', ['https://www.washingtonpost.com/sports/2021/06/09/mone-davis-broadcaster-dc-grays/'])"
"-39.0792572,175.6562772","('Hazard Zone', ['https://www.washingtonpost.com/video-games/2021/06/09/battlefield-2042-battle-royale/'])"
"45.5643442,17.0118954","('Croatia', ['https://www.washingtonpost.com/travel/2021/04/26/europe-open-americans-greece-iceland/'])"
"46.7985624,8.2319736","('Switzerland', ['https://www.bbc.com/news/world-us-canada-57416519', 'https://www.bbc.co.uk/news/world-us-canada-57416519', 'http://www.bbc.com/news/world-us-canada-57416519'])"
"50.724165,-3.660795843955193","('Devon', ['https://www.bbc.com/news/world-49434667'])"
"50.1552197,-5.0688262","('Falmouth', ['https://www.bbc.com/news/world-49434667'])"
"45.28350435,34.20081877526554","('Crimea', ['https://www.bbc.com/news/world-49434667'])"
"50.0655303,-5.7136272","('the Cornish coast', ['https://www.bbc.com/news/world-49434667'])"
"50.2148928,-5.4795574","('St Ives', ['https://www.bbc.com/news/world-49434667'])"
"50.725562,-3.5269108","('Exeter', ['https://www.bbc.com/news/world-49434667'])"
"43.471143749999996,-1.552726590666314","('Biarritz', ['https://www.bbc.com/news/world-49434667'])"
"55.8609825,-4.2488787","('Glasgow', ['https://www.bbc.com/news/world-49434667'])"
"19.0759899,72.8773928","('Mumbai', ['https://www.bbc.com/news/world-asia-india-57418671', 'http://www.bbc.com/news/world-asia-india-57418671'])"
"-37.8142176,144.9631608","('Melbourne', ['https://www.bbc.com/news/world-asia-china-57380367'])"
"28.5384597,33.97519","('Mount Sinai', ['https://www.bbc.com/future/article/20210609-how-long-will-long-covid-last'])"
"63.2467777,25.9209164","('Finland', ['https://www.bbc.com/travel/story/20210609-alaskas-mushroom-of-immortality'])"
"-13.6154418,-73.1349655","('Americas', ['https://www.bbc.com/travel/story/20210609-alaskas-mushroom-of-immortality'])"
"64.4459613,-149.680909","('Alaska', ['https://www.bbc.com/travel/story/20210609-alaskas-mushroom-of-immortality'])"
"60.0,100.0","('Siberia', ['https://www.bbc.com/travel/story/20210609-alaskas-mushroom-of-immortality'])"
"64.837845,-147.716675","('Fairbanks', ['https://www.bbc.com/travel/story/20210609-alaskas-mushroom-of-immortality'])"
"34.0980031,-118.329523","('Hollywood', ['https://www.bbc.co.uk/programmes/articles/52CcBzKbbXnRY0NB0t0wsNC/sam-claflin-nine-things-we-learned-when-he-spoke-to-joe-wicks'])"
"19.58726775,-155.42688965312746","('Hawaii', ['https://www.bbc.co.uk/programmes/articles/52CcBzKbbXnRY0NB0t0wsNC/sam-claflin-nine-things-we-learned-when-he-spoke-to-joe-wicks'])"
"53.352598349999994,-6.264523001483406","('Sinn Fin', ['https://www.bbc.co.uk/news/uk-northern-ireland-politics-57411063'])"
"52.5050033,-1.964396123331272","('West Midlands', ['https://www.bbc.co.uk/news/uk-england-birmingham-57417867'])"
"52.4130189,-1.7768935","('Solihull', ['https://www.bbc.co.uk/news/uk-england-birmingham-57417867'])"
"42.4804953,85.4633464","('Xinjiang', ['https://www.bbc.com/news/business-57419071', 'http://www.bbc.com/news/business-57419071', 'http://cnn.com/2021/06/09/business/solar-manufacturing-china-ohio/index.html'])"
"39.7852062,-75.9790215","('Oxford', ['https://www.bbc.com/news/uk-england-oxfordshire-57409743'])"
"51.833333,-1.25","('Oxfordshire', ['https://www.bbc.com/news/england/oxford', 'http://www.bbc.com/news/england/oxford'])"
"51.6582582,-1.5837123","('Faringdon', ['https://www.bbc.com/news/england/oxford', 'http://www.bbc.com/news/england/oxford'])"
"28.1083929,84.0917139","('Nepal', ['https://www.bbc.com/news/explainers-53640249', 'http://www.bbc.com/news/explainers-53640249'])"
"40.0332629,-7.8896263","('Portugal', ['https://www.bbc.com/news/explainers-53640249', 'http://www.bbc.com/news/explainers-53640249'])"
"29.4246002,-98.4951405","('San Antonio', ['https://www.bbc.com/news/science-environment-57411113', 'http://www.bbc.com/news/science-environment-57411113', 'http://cnn.com/2021/06/09/business/boeing-air-force-one-delay/index.html'])"
"36.1150858,-115.1734142","('Paradise', ['http://cnn.com/2021/06/09/entertainment/rachel-lindsay-chris-harrison-bachelor/index.html'])"
"51.0000002,-109.0","('North America', ['http://cnn.com/2021/06/09/tech/gamestop-new-ceo-cfo/index.html', 'http://cnn.com/2021/06/09/business/rising-prices-inventories-post-pandemic/index.html', 'http://cnn.com/2021/06/09/business/jbs-cyberattack-11-million/index.html'])"
"40.2253569,-82.6881395","('Ohio', ['http://cnn.com/2021/06/09/business/rising-prices-inventories-post-pandemic/index.html', 'http://cnn.com/2021/06/09/business/solar-manufacturing-china-ohio/index.html'])"
"-23.5506507,-46.6333824","('Sao Paulo', ['http://cnn.com/2021/06/09/business/rising-prices-inventories-post-pandemic/index.html'])"
"-29.9820554,-52.3702447","('Rio Pardo', ['http://cnn.com/2021/06/09/business/rising-prices-inventories-post-pandemic/index.html'])"
"42.61254875,-1.830787673361753","('Navarra', ['http://cnn.com/2021/06/09/business/rising-prices-inventories-post-pandemic/index.html'])"
"31.2322758,121.4692071","('Shanghai', ['http://cnn.com/2021/06/09/business/rising-prices-inventories-post-pandemic/index.html'])"
"28.469648,-16.2540884","('Santa Cruz', ['http://cnn.com/2021/06/09/business/rising-prices-inventories-post-pandemic/index.html'])"
"58.1361491,40.09448579464799","('Danilovsky', ['http://cnn.com/2021/06/09/business/rising-prices-inventories-post-pandemic/index.html'])"
"60.0013921,10.7363623","('Covid', ['http://cnn.com/2021/06/09/business/best-buy-thanksgiving-closed-2021/index.html'])"
"41.7962409,-71.5992372","('Rhode Island', ['http://cnn.com/2021/06/09/business/best-buy-thanksgiving-closed-2021/index.html'])"
"45.709097,-68.8590201","('Maine', ['http://cnn.com/2021/06/09/business/best-buy-thanksgiving-closed-2021/index.html'])"
"32.7174202,-117.1627728","('San Diego', ['http://cnn.com/2021/06/09/business-money/approaching-retirement-feseries/index.html'])"
"39.327894,-74.5034858","('Margate City', ['http://cnn.com/2021/06/09/business-money/approaching-retirement-feseries/index.html'])"
"50.26590325,18.69757619439062","('Eastern Europe', ['http://cnn.com/2021/06/09/business/jbs-cyberattack-11-million/index.html'])"
"29.8217562,-89.6008692","('St. Bernard Parish', ['http://cnn.com/2021/06/09/business/solar-manufacturing-china-ohio/index.html'])"
"47.6201461,-100.540737","('North Dakota', ['http://cnn.com/2021/06/09/business/solar-manufacturing-china-ohio/index.html'])"
"32.0,117.0","('Anhui', ['http://cnn.com/2021/06/09/business/solar-manufacturing-china-ohio/index.html'])"
"29.8988618,-93.9288723","('Port Arthur', ['http://cnn.com/2021/06/09/business/solar-manufacturing-china-ohio/index.html'])"
"30.0860459,-94.1018461","('Beaumont', ['http://cnn.com/2021/06/09/business/solar-manufacturing-china-ohio/index.html'])"
"31.8512134,117.25763932024238","('Anhui province', ['http://cnn.com/2021/06/09/business/solar-manufacturing-china-ohio/index.html'])"
"38.8424056,-120.4079751","('Big Hill', ['http://cnn.com/2021/06/09/business/solar-manufacturing-china-ohio/index.html'])"
"25.2395892,55.178929685130115","('Huainan', ['http://cnn.com/2021/06/09/business/solar-manufacturing-china-ohio/index.html'])"
"-0.4071786,116.9862038","('Panji No.1', ['http://cnn.com/2021/06/09/business/solar-manufacturing-china-ohio/index.html'])"
"42.3315509,-83.0466403","('Detroit', ['http://cnn.com/2021/06/09/business/solar-manufacturing-china-ohio/index.html'])"
"39.8560679,-4.0239568","('Toledo', ['http://cnn.com/2021/06/09/business/solar-manufacturing-china-ohio/index.html'])"
"46.1183391,-103.0798921","('Gascoyne', ['http://cnn.com/2021/06/09/business/solar-manufacturing-china-ohio/index.html'])"
